  #timestep,                   time,        internal_energy,         kinetic_energy,         beam_potential,            total_energy
         10,   5.00000000000000e-01,   3.64801432382687e-04,   0.00000000000000e+00,  -1.32487944857103e-05,    3.51552637896976e-04
