  #timestep,                   time,        internal_energy,         kinetic_energy,         beam_potential,            total_energy
          1,   5.00000000000000e-02,   4.22650930623870e-06,   0.00000000000000e+00,  -1.48652087271365e-05,   -1.06386994208978e-05
          2,   1.00000000000000e-01,   1.67546952166054e-05,   0.00000000000000e+00,  -1.48929014183933e-05,    1.86179379821218e-06
