  #timestep,                   time,        internal_energy,         kinetic_energy,         beam_potential,            total_energy
          1,   5.00000000000000e-02,   4.21127124803731e-06,   0.00000000000000e+00,  -1.31342651466414e-05,   -8.92299389860405e-06
          2,   1.00000000000000e-01,   1.67366033978154e-05,   0.00000000000000e+00,  -1.31429764948433e-05,    3.59362690297216e-06
          3,   1.50000000000000e-01,   3.73307073550261e-05,   0.00000000000000e+00,  -1.31569948826167e-05,    2.41737124724094e-05
