  #timestep,                   time,        internal_energy,         kinetic_energy,         beam_potential,            total_energy
          1,   5.00000000000000e-02,   4.21097240258490e-06,   0.00000000000000e+00,  -1.29534150561786e-05,   -8.74244265359374e-06
          2,   1.00000000000000e-01,   1.67363903366919e-05,   0.00000000000000e+00,  -1.29609938157900e-05,    3.77539652090190e-06
          3,   1.50000000000000e-01,   3.73305668126522e-05,   0.00000000000000e+00,  -1.29737383517011e-05,    2.43568284609511e-05
