  #timestep,                   time,        internal_energy,         kinetic_energy,         beam_potential,            total_energy
          1,   5.00000000000000e-02,   4.21127124505501e-06,   0.00000000000000e+00,  -1.31342651436590e-05,   -8.92299389860401e-06
          2,   1.00000000000000e-01,   1.67366033957790e-05,   0.00000000000000e+00,  -1.31429764928069e-05,    3.59362690297218e-06
          3,   1.50000000000000e-01,   3.73307073539958e-05,   0.00000000000000e+00,  -1.31569948815864e-05,    2.41737124724095e-05
