"activeset","displacement:0","displacement:1","displacement:2","nodal_cauchy_stresses_xyz:0","nodal_cauchy_stresses_xyz:1","nodal_cauchy_stresses_xyz:2","nodal_cauchy_stresses_xyz:3","nodal_cauchy_stresses_xyz:4","nodal_cauchy_stresses_xyz:5","norcontactstress:0","norcontactstress:1","norcontactstress:2","tancontactstress:0","tancontactstress:1","tancontactstress:2","Points:0","Points:1","Points:2"
0,0,0,0,0.0022848,0.045494,0.0019494,-0.0064422,1.8821,-0.27039,0,0,0,0,0,0,-0.25,1.75,0
0,0.0089903,-0.015578,-0.025814,8.5716,14.016,3.4331,-5.3141,-0.39537,1.3852,0,0,0,0,0,0,-0.5,0.75,1
0,-0.015088,0.0079194,-0.0086381,-5.9576,-1.2809,-2.8063,3.6382,1.9636,-2.5243,0,0,0,0,0,0,-1,0.5,0.5
0,0,0,0,-5.8573,-5.6395,-13.652,0.35122,-6.0977,-4.3979,0,0,0,0,0,0,-0.5,-0.75,0
0,0,0,-0.4,-45.093,-44.814,-101.8,0.10275,15.98,5.2506,0,0,0,0,0,0,-0.23303,-0.70922,2.1352
0,0,0,0,0.052355,0.049658,0.1028,0.0066635,-0.64511,-0.8107,0,0,0,0,0,0,-1.5,-1.25,0
0,1.3328e-05,-0.010315,-0.035611,-6.4214,-8.2219,-41.686,-0.25704,-3.9888,0.056864,0,0,0,0,0,0,-3.1236e-16,-0.25,0.25