"activeset","displacement:0","displacement:1","displacement:2","nodal_cauchy_stresses_xyz:0","nodal_cauchy_stresses_xyz:1","nodal_cauchy_stresses_xyz:2","nodal_cauchy_stresses_xyz:3","nodal_cauchy_stresses_xyz:4","nodal_cauchy_stresses_xyz:5","norcontactstress:0","norcontactstress:1","norcontactstress:2","tancontactstress:0","tancontactstress:1","tancontactstress:2","Points:0","Points:1","Points:2"
0,0,0,0,-0.42129,-0.42091,-0.98372,-0.0018316,0.4056,-0.36295,0,0,0,0,0,0,-1.75,2,0
0,-0.0016677,0.0054947,0.00016291,-0.25185,-2.0381,-0.35937,0.71203,1.2464,-0.45049,0,0,0,0,0,0,-0.5,1.5,0.25
0,0.0062983,0.0013459,-0.0033086,12.022,3.4907,4.3031,0.84588,0.080478,3.3286,0,0,0,0,0,0,-1.25,2.0817e-16,1
0,0.00036509,-0.0010117,-2.6233e-05,3.1138,2.3563,0.029943,1.2447,0.21812,0.77307,0,0,0,0,0,0,-1,-1,1
0,0.00087256,0.0054516,0.00022283,1.2595,0.42276,1.1925,0.041421,-0.32273,-0.017328,0,0,0,0,0,0,0.25,2,0.5
0,0.011199,-0.017892,-0.01881,-2.1755,-4.5331,-5.3675,3.5168,-6.493,3.142,0,0,0,0,0,0,0.5,-0.75,0.5
