Step,Time,SOC,CRate
0,0,1.000000000,0.000000000
2,2,0.994444413,-9.999999999
4,4,0.988888857,-9.999999999
5,5,0.986111080,-9.999999999
6,6,0.983333302,-9.999999999
8,8,0.977777746,-9.999999999
10,10,0.972222191,-9.999999999
12,12,0.966666635,-9.999999999
14,14,0.961111080,-9.999999999
15,15,0.958333302,-9.999999999
16,16,0.955555524,-9.999999999
18,18,0.949999969,-9.999999999
20,20,0.944444413,-9.999999999
