Step,Time,CellVoltage
0,0,3.8923921075285590
2,2,3.8697962295216306
4,4,3.8524129335078796
5,5,3.8447150301606281
6,6,3.8376378043158925
8,8,3.8247922363060787
10,10,3.8134280566383709
12,12,3.8032316311665402
14,14,3.7939747426712880
15,15,3.7896331720069023
16,16,3.7854867834887087
18,18,3.7776377323586767
20,20,3.7703270218976717
