Step,Time,CellVoltage
0,0,3.892392107529
2,2,3.869796229522
4,4,3.852412933508
5,5,3.844715030161
6,6,3.837637804316
8,8,3.824792236306
10,10,3.813428056638
12,12,3.803231631167
14,14,3.793974742671
15,15,3.789633172007
16,16,3.785486783489
18,18,3.777637732359
20,20,3.770327021898
