Step,Time,CellVoltage
0,0,3.8923921075285590
2,2,3.8697962295216604
4,4,3.8524129335078974
5,5,3.8447150301606334
6,6,3.8376378043158965
8,8,3.8247922363060827
10,10,3.8134280566383771
12,12,3.8032316311665468
14,14,3.7939747426712924
15,15,3.7896331720069067
16,16,3.7854867834887140
18,18,3.7776377323586834
20,20,3.7703270218976770
