Step,Time,CellVoltage
0,0,3.8923921075285590
2,2,3.8697962295216213
4,4,3.8524129335078765
5,5,3.8447150301606201
6,6,3.8376378043158907
8,8,3.8247922363060809
10,10,3.8134280566383749
12,12,3.8032316311665428
14,14,3.7939747426712911
15,15,3.7896331720069045
16,16,3.7854867834887109
18,18,3.7776377323586821
20,20,3.7703270218976761
