Step,Time,CellVoltage
0,0,3.8923921075285590
2,2,3.8697962295216484
4,4,3.8524129335078992
5,5,3.8447150301606414
6,6,3.8376378043159125
8,8,3.8247922363060933
10,10,3.8134280566383900
12,12,3.8032316311665575
14,14,3.7939747426713044
15,15,3.7896331720069178
16,16,3.7854867834887225
18,18,3.7776377323586914
20,20,3.7703270218976854
