pressure,Points:0,Points:1,Points:2,
408190,0.0019863,-0.024921,0,1E-014
408340,0.00099391,-0.02498,0,1E-014
408380,0,-0.025,0,1E-014
408340,-0.00099391,-0.02498,0,1E-014
408190,-0.0019863,-0.024921,0,1E-014
