"phi_1","velocity:0","velocity:1","velocity:2","Points:0","Points:1","Points:2"
0,0.86603,0.5,0,0.4,0.5,0
0,0.86603,0.5,0,0.2,0.4,0
0,0.86603,0.5,0,0.3,0.3,0
0,0.86603,0.5,0,-0.5,0,0
0,0.86603,0.5,0,-0.3,-0.1,0
0,0.86603,0.5,0,0,-0.5,0
