"phi_1","Points:0","Points:1","Points:2"
0.7689,0,0,0,1.0e-14
0.7688,0.2,0,0,1.0e-14
0.7686,0.4,0,0,1.0e-14
0.76829,0.6,0,0,1.0e-14
0.76786,0.8,0,0,1.0e-14
0.76733,1,0,0,1.0e-14