"displacement:0","displacement:1","displacement:2","nodal_2PK_stresses_xyz:0","nodal_2PK_stresses_xyz:1","nodal_2PK_stresses_xyz:2","nodal_2PK_stresses_xyz:3","nodal_2PK_stresses_xyz:4","nodal_2PK_stresses_xyz:5","nodal_GL_strains_xyz:0","nodal_GL_strains_xyz:1","nodal_GL_strains_xyz:2","nodal_GL_strains_xyz:3","nodal_GL_strains_xyz:4","nodal_GL_strains_xyz:5","Points:0","Points:1","Points:2"
0,0.025765,0.11547,12696,-2394.1,-471.07,-623.07,763.6,78.952,0.00019861,-8.8814e-05,-5.2184e-05,-1.1868e-05,1.4545e-05,1.5039e-06,8.6736e-05,3.0951,9.5247
2.8014e-06,0.30951,0.64951,15315,-4745.7,-3055.8,930.22,3775.1,-860,0.00025869,-0.00012342,-9.1233e-05,1.7718e-05,7.1908e-05,-1.6381e-05,0.4463,6.7954,7.3433
-0.064488,8.0737e-05,-0.22684,-7662.4,6632.4,-1049.9,-69.944,-565.49,2589,-0.00013681,0.00013547,-1.0856e-05,-1.3323e-06,-1.0771e-05,4.9314e-05,3.4817,0.46621,9.3681
-0.41484,0.0088962,-0.63876,-8260.3,5943.9,-5152.8,-1.7326,-1476.1,6958.6,-0.00012451,0.00014605,-6.5317e-05,-3.3001e-08,-2.8116e-05,0.00013254,6.1863,2.1545,7.5622
-0.45827,0.71664,0.43401,-14414,1028.7,-6953.9,2611.7,-7190,14442,-0.00018515,0.000109,-4.3052e-05,4.9746e-05,-0.00013695,0.00027508,4.9738,7.9176,3.5599
-2.5867,0,-1.4959,2192.5,-6376.7,24280,12093,5384.7,-7883.9,-4.6574e-05,-0.0002098,0.00037415,0.00023035,0.00010257,-0.00015017,9.5248,0.00037223,3.0948