"displacement:0","displacement:1","displacement:2","nodal_2PK_stresses_xyz:0","nodal_2PK_stresses_xyz:1","nodal_2PK_stresses_xyz:2","nodal_2PK_stresses_xyz:3","nodal_2PK_stresses_xyz:4","nodal_2PK_stresses_xyz:5","nodal_GL_strains_xyz:0","nodal_GL_strains_xyz:1","nodal_GL_strains_xyz:2","nodal_GL_strains_xyz:3","nodal_GL_strains_xyz:4","nodal_GL_strains_xyz:5","Points:0","Points:1","Points:2"
-4.0281,6.0749,0,-0.19944,3.5589,1.8715,4.6206,-0.015004,0.068925,-0.011001,0.012605,0.00020358,0.029274,-9.0383e-05,0.00040924,45.327,55.089,0
-3.632,5.6498,0,-1.6055,1.9242,0.28075,4.1701,0.022247,0.018989,-0.010503,0.01161,0.00010124,0.025855,0.0001444,0.00011504,43.764,53.786,1
-1.8571,4.8624,0.00016349,0.041607,4.7645,2.6465,6.2523,0.046791,0.041357,-0.013311,0.017196,-0.0001933,0.040307,0.00036327,0.0002677,40.656,45.661,0.5
-2.099,5.4848,0,5.8925,10.765,8.7518,6.2837,-0.064332,-0.02383,-0.015023,0.018973,0.00049058,0.043782,-0.00046727,-0.00021647,43.108,46.348,1
-0.082482,0.93841,5.1795e-06,0.49419,1.7725,1.223,3.4958,0.0076371,-0.020023,-0.0034746,0.0044875,3.3294e-05,0.022198,4.2246e-05,-0.00012353,17.799,35.222,0.5
0,0,0,2.3456,2.348,2.3375,0.52835,0.00020792,-6.1942e-05,-8.3247e-05,-3.147e-05,-5.15e-08,0.0031009,4.4669e-07,-4.714e-07,0,27.5,0