step,time,Integral of domain 0,Integral of domain 1,Integral of domain 2,Integral of entire domain,Mean value of scalar 1 in domain 0,Mean value of scalar 1 in domain 1,Mean value of scalar 1 in domain 2,Mean value of scalar 1 in entire domain,Total value of scalar 1 in domain 0,Total value of scalar 1 in domain 1,Total value of scalar 1 in domain 2,Total value of scalar 1 in entire domain
0,0,4.6650635114985379e-10,1.3015538913194737e-09,1.0309778647097016e-09,2.9856406473590665e-09,3.0000000000000006e+02,2.9999999999999983e+02,2.9999999999999960e+02,2.9999999999999972e+02,1.3995190534495616e-07,3.9046616739584189e-07,3.0929335941291008e-07,8.9569219420771917e-07
1,1000,4.6657220027307657e-10,1.3015090336336175e-09,1.0309589318344894e-09,2.9856406473590661e-09,2.9995769511283493e+02,3.0001034243527573e+02,3.0000550607694134e+02,3.0000000543212002e+02,1.3995192179763606e-07,3.9046617086302642e-07,3.0929335608954889e-07,8.9569221042607808e-07
2,2000,4.6663804188628831e-10,1.3014641890377330e-09,1.0309399938071932e-09,2.9856406473590624e-09,2.9991529755458356e+02,3.0002071436114710e+02,3.0001102731201638e+02,3.0000001276510829e+02,1.3995188718261440e-07,3.9046621571055160e-07,3.0929336663913985e-07,8.9569223231974492e-07
